No Label SPORTS Illustrated CHICAGO CUBS WORLD SERIES Special Edition COVER 3&#x2f;4,US $7.99,+US $7.40Shipping,May-26,OUT OF STOCK,This item is out of stock
Forever Mamba Magazine Kobe Bryant Issue Lindy&rsquo;s PRO Basketball,US $12.95,Free Shipping,May-25,LIVE,
Michael Jordan Sports Illustrated Hard Cover The Best 95-96 Limited Edition,US $28.80,Free Shipping,May-25,LIVE,"10% Off + Free Postage, Hurry! Your watched item is now on sale with free postage."
Lebron James &#x28;June 27th 2016&#x29; No Label Sports Illustrated SI Magazine,US $59.23,Free Shipping,May-25,LIVE,
No Label SPORTS ILLUSTRATED Magazine SPECIAL EDIT 2018 Etienne CLEMSON TIGERS,US $39.99,+US $7.40Shipping,May-24,LIVE,
Sports illustrated 2018 NBA Championship,US $19.99,+US $5.20Shipping,May-23,LIVE,
Sports Illustrated December 2020 Lebron James Sports Person Of The Year,US $6.99,Free Shipping,May-23,LIVE,
Sports Illustrated St Louis Blues Stanley Cup Issue 6&#x2f;21&#x2f;19 Pietrangelo,US $44.44,+US $5.65Shipping,May-22,LIVE,
2019 Sports Illustrated St Louis Blues Stanley Cup issue.Blues Heaven.New cnd.,US $35.00,+US $5.65Shipping,May-22,LIVE,
Nike Mens T90 Red White &amp; Gray Trim Soccer Cleat Shoes Size 11,US $49.99,Free Shipping,May-22,LIVE,
Lindy&#x27;s Sports Collectors Edition World Champions Done Deal 2021  Tom Brady,US $9.99,Free Shipping,May-21,LIVE,
Sports Illustrated Patriots Super Bowl 49 World Champions 2014 Leather Book RARE,US $79.97,Free Shipping,May-21,LIVE,
SPORTS ILLUSTRATED Football Preview 2020 &quot;What is a Quarterback&#x3f;&quot; Lamar Jackson.,US $8.99,Free Shipping,May-20,LIVE,
Sports Illustrated Magazine Honey Badger Lance Armstrong Chris Kluwe 2012,US $17.95,Free Shipping,May-20,OUT OF STOCK,This item is out of stock
SPORTS ILLUSTRATED NEW ENGLAND PATRIOTS SUPER BOWL LIII CHAMPS TOM BRADY ,US $9.99,Free Shipping,May-20,LIVE,
Sports Illustrated Clemson Tigers 2016-17 National Champions Special Commemor...,US $12.06,Free Shipping,May-19,LIVE,
SLAM MAGAZINE - LeBRON JAMES - LOS ANGELES LAKERS CHAMPIONSHIP - 2020 ,US $23.99,+US $2.89Shipping,May-18,LIVE,
Sports Illustrated 2017 Deshaun Watson Clemson Tigers National Champions 1&#x2f;16&#x2f;17,US $24.99,+US $3.99Shipping,May-17,LIVE,
Philadelphia Eagles Lot Of 3 Sports Illustrated Magazines Super Bowl Nick Foles,US $2.99,+US $7.95Shipping,May-17,LIVE,
St Louis Blues Stanley Cup Sports Illustrated 2019 Issue,US $44.99,Free Shipping,May-17,LIVE,
Forever mamba magazine,US $12.95,Free Shipping,May-16,LIVE,
2011 Sports Illustrated Trent Richardson Alabama Regional NO LABEL MINT ,US $19.95,Free Shipping,May-16,LIVE,
B005I6ENM2 Sports Illustrated Presents New England Patriots No  26694,US $3.95,Free Shipping,May-16,OUT OF STOCK,This item is out of stock
ESPN   Super Bowl LV Champions Tampa Bay Buccaneers TOM BRADY,US $9.99,Free Shipping,May-15,LIVE,
Sports Illustrated 2016 World Champions Edition CUBS,US $5.95,+US $2.89Shipping,May-15,LIVE,
Sports Illustrated Ohio State 2014 Champions Commemorative Ezekiel Elliott 2015,US $15.00,+US $8.25Shipping,May-12,LIVE,
Sports Illustrated Presents&#x3a; New England Patriots - Super Bowl...  &#x28;Ltd Ed&#x29;,US $30.00,Free Shipping,May-11,OUT OF STOCK,This item is out of stock
Sports Illustrated Magazine Commemorative 2019 Champions KANSAS CITY CHIEFS,US $29.99,+US $7.95Shipping,May-11,LIVE,
"33 Sports Illustrated Nov 2018-Spring 2020-SuperBowl, Baseball Preview, etc.",US $16.99,+US $9.05Shipping,May-11,LIVE,
 Sports Illustrated 2021 GONZAGA Bulldogs THE ZAGS No.1 Newsstand Issue No Label,US $24.49,Free Shipping,May-11,LIVE,
NEW YORK GIANTS SUPER BOWL XLII HARDCOVER SPORTS ILL COLLECTOR ED &#x28;ELI MANNING ,US $11.50,Free Shipping,May-10,LIVE,
2019 Sports Illustrated St Louis Blues Stanley Cup Blues Heaven New Condition,US $45.00,+US $7.95Shipping,May-09,LIVE,
2016 Sports Illustrated Chicago Cubs World Series Commemorative Issue Rizzo 4&#x2f;4,US $14.99,Free Shipping,May-08,LIVE,
"Sports Illustrated Swimsuit Issue 2016, Ronda Rousey, Condition is Very Good.",US $7.50,+US $4.89Shipping,May-08,LIVE,
SI Indianapolis Colts World Champions 2007 Special Collector&#x27;s Edition Hardcover,US $24.97,+US $2.89Shipping,May-07,LIVE,
2011 Calvin Pace No Label Regional Sports Illustrated,US $14.95,+US $3.20Shipping,May-07,LIVE,
Athlon Sports SEC Football 2020 Preview - University of Georgia - George Pickens,US $5.99,+US $2.89Shipping,May-07,LIVE,
5 Sports Illustrated Magazine Michael Phelps.,US $20.00,Free Shipping,May-07,LIVE,
Lindy&#x27;s Sports Pro Football  Draft Preview 20 Joe Burrow LSU Tigers Bengals &ndash; A ,US $7.99,+US $3.99Shipping,May-06,LIVE,
Sports Illustrated Magazine - 2019-2021 Issues,No Price Found,N/A,6d 23h,LIVE,
SI Indianapolis Colts World Champions 2007 Special Collector&#x27;s Edition Hardcover,US $18.68,Free Shipping,2d 23h,LIVE,"22% Off + Free Postage, Hurry! Your watched item is now on sale with free postage."
KANSAS CITY CHIEFS SUPER BOWL AFC CHAMPIONS MAGAZINE 2021 NFL BRAND NEW ,US $14.97,Free Shipping,2d 20h,LIVE,
"Bones: The Complete Seventh Season (DVD, 2012, 4-Disc Set)",US $8.99,Free Shipping,2d 16h,LIVE,
Clemson Sports Illustrated 2018-19 CFB Preview Travis Etienne RB,US $36.00,+US $2.66Shipping,2d 5h,LIVE,
2004 Sports Illustrated Patriots Tom Brady 2003 Super Bowl MVP Issue EX&#x2b;,US $14.99,+US $7.00Shipping,2d 2h,LIVE,
SF Giants 2010 SPORTS ILLUSTRATED limited edition &#x23;5479 World Series book,US $34.95,+US $5.95Shipping,1d,LIVE,
Sports Illustrated Cubs Win 2016 World Series Special Commemorative No Label,US $59.99,Free Shipping,N/A,19h 5m,
SI Indianapolis Colts World Champions 2007 Special Collector&#x27;s Edition Hardcover,US $14.99,Free Shipping,N/A,5h 27m,
Sports Illustrated Magazine CLEMSON Special Championship Commemorative Issue,US $20.00,Free Shipping,N/A,1h 29m,
Sports Illustrated Gonzaga The Program March 2021 Magazine,US $8.99,N/A,N/A,ENDED,The seller relisted this item.
SPORTS ILLUSTRATED MAGAZINE MARCH 2021 GONZAGA BULLDOGS - THE PROGRAM,US $1.83,N/A,N/A,ENDED,
Sports Illustrated Denver Broncos Super Bowl 50 Champions Commemorative Issue,US $22.00,N/A,N/A,ENDED,
2 Sports Illustrated KIDS Magazine NEW FEB 2021 Lot Bill Nye News Sports Cards,US $12.95,N/A,N/A,ENDED,
LN Sports Illustrated Commemorative 2018 Patriots Joy Of Six 6 Super Bowl XLIII,US $15.95,N/A,N/A,ENDED,The seller relisted this item.
Sports Illustrated Nov 7 2019 World Series Commemorative Issue FREE SHIPPING CB,US $22.97,N/A,N/A,ENDED,
Sports Illustrated September 6 2004 Patriots Tom Brady Super Bowl 022620AME2,US $18.08,N/A,N/A,ENDED,
Sports Illustrated Special Super Bowl 55 Commemorative Issue Tom Brady Cover,US $17.00,N/A,N/A,ENDED,
SI Super Bowl 39 Commemorative A Team For The Ages World Champions 2004 Patriots,US $29.99,N/A,N/A,ENDED,
"Sports Illustrated - November 4, 2019 Emoni Bates - Born For This - NBA NFL MLB",US $6.97,N/A,N/A,ENDED,
Gonzaga - NCAA - The Program - Sports Illustrated  2021 ,US $5.50,N/A,N/A,ENDED,The seller relisted this item.
SPORTS ILLUSTRATED 2005 NO LABEL NEWSSTAND BRADY PATRIOTS MANNING COLTS THE DUEL,US $15.00,N/A,N/A,ENDED,
"Russell Wilson - Bueckers, Gilbert Reverse Cover - Sports Illustrated 2020",US $2.99,N/A,N/A,ENDED,The seller relisted this item.
A SEASON TO REMEMBER-DALLAS COWBOYS 1995 by   SPORTS ILLUSTRATED,US $10.49,N/A,N/A,ENDED,
SPORTS ILLUSTRATED  SUPER BOWL LV COMMEMORATIVE ISSUE &#x2a; TAMPA BAY &#x2a; MAGAZINE,US $15.00,N/A,N/A,ENDED,The seller relisted this item.
JOE BURROW Lindy's Sports Pro Football 2020 NFL DRAFT Magazine LSU Tigers,US $9.97,N/A,N/A,ENDED,
Lindy&#x27;s SPORTS Pro Football Draft 2021 - ARMS Race - Mock Draft,US $12.90,N/A,N/A,ENDED,
A SEASON TO REMEMBER-DALLAS COWBOYS 1995 by   SPORTS ILLUSTRATED,US $23.95,N/A,N/A,ENDED,The seller relisted this item.
SPORTS ILLUSTRATED DECEMBER 2020 SPORTSPERSON Of The YEAR  LEBRON JAMES  ,US $9.00,N/A,N/A,ENDED,
Gonzaga - NCAA - The Program - Sports Illustrated  2021 ,US $7.00,N/A,N/A,ENDED,The seller relisted this item.
Sport illustrated magazine Olivia Culpo Life Levity ,US $5.00,N/A,N/A,ENDED,
Brand NEW Sports Illustrated 2019 St. Louis Blues Stanley Cup Commemorative,US $40.00,N/A,N/A,ENDED,
Lot-3-Sports Illustrated Magazines 2018 Feb 26 &#x2f;Apr 9&#x2f; Nov 19-26  ,US $7.99,N/A,N/A,ENDED,The seller relisted this item.
6 boxes &#x28;72 Total&#x29; RX BAR - 12 G. Protein Bar - Chocolate Sea Salt BBD&#x3a;12&#x2f;6&#x2f;2020,US $54.99,N/A,N/A,ENDED,
USC UCLA PAC 12 Lindy&#x27;s Sports 2020-2021 College Basketball Preview Isiah Mobley,US $32.00,N/A,N/A,ENDED,
SPORTS ILLUSTRATED SUPER BOWL LV TAMPA BAY TOM BRADY 2021 MAGAZINE  NEW  ,US $21.96,N/A,N/A,ENDED,
Sports Illustrated Drew Brees Special Retirement Tribute Magazine,US $15.99,N/A,N/A,ENDED,The seller relisted this item.
SPORTS ILLUSTRATED  SUPER BOWL LV COMMEMORATIVE ISSUE &#x2a; TAMPA BAY &#x2a; MAGAZINE,US $11.50,N/A,N/A,ENDED,
SPORTS ILLUSTRATED MAGAZINE-football LAMAR JACKSON BALTIMORE RAVENS PREVIEW 2020,US $8.75,N/A,N/A,ENDED,
Sports Illustrated Magazine April 2021 Francisco Lindor on cover,US $1.09,N/A,N/A,ENDED,
"LINDY&#x27;S SPORTS BASEBALL 2021 PREVIEW MAGAZINE - BRAND NEW - BETTS, RENDON, TATIS",US $15.99,N/A,N/A,ENDED,
2016--SPORTS ILLUSTRATED SWIM SUIT ISSUE--BODY PAINTING---NMT,US $6.50,N/A,N/A,ENDED,
2016 Sports Illustrated Swimsuit Hailey Clauson sexy cover,US $8.99,N/A,N/A,ENDED,
36 RXBAR Whole Food Protein Bars CHOCOLATE SEA SALT 12g Protein Gluten Free ,US $24.95,N/A,N/A,ENDED,
Sports Illustrated SI 2020  Anthony Davis winter 2020 free shipping ,US $9.99,N/A,N/A,ENDED,
sports illustrated presents a season to remember dallas cowboys 1995,US $20.00,N/A,N/A,ENDED,
2004 Patriots Sports Illustrated Commemorative Magazine Super Bowl 39 Champions,US $39.95,N/A,N/A,ENDED,
Sports Illustrated Magazine - Dodgers &amp; LAKERS SET - LA IS THE CITY OF CHAPMS ,US $39.99,N/A,N/A,ENDED,
